DecimalYear,Declination,Inclination,Hor,Total,X,Y,Z
1969.08493,-2.80051,64.16036,20459.8,46941.9,20435.4,-999.6,42248.5
1969.18493,-2.79515,64.15933,20461.7,46944.6,20437.4,-997.8,42250.6
1969.28493,-2.78979,64.1583,20463.7,46947.3,20439.4,-996.0,42252.6
1969.38493,-2.78444,64.15726,20465.6,46950.0,20441.5,-994.2,42254.7
1969.48493,-2.77908,64.15623,20467.6,46952.7,20443.5,-992.4,42256.8
1969.58493,-2.77372,64.1552,20469.5,46955.4,20445.5,-990.6,42258.8
1969.68493,-2.76837,64.15416,20471.4,46958.1,20447.6,-988.7,42260.9
1969.78493,-2.76301,64.15313,20473.4,46960.8,20449.6,-986.9,42263.0
1969.88493,-2.75766,64.15209,20475.3,46963.5,20451.6,-985.1,42265.0
1969.98493,-2.75231,64.15106,20477.3,46966.2,20453.7,-983.3,42267.1
1970.08493,-2.7463,64.14993,20479.7,46969.8,20456.1,-981.3,42269.9
1970.18493,-2.74018,64.14877,20482.1,46973.5,20458.7,-979.2,42272.8
1970.28493,-2.73405,64.14762,20484.6,46977.2,20461.3,-977.1,42275.7
1970.38493,-2.72793,64.14647,20487.0,46980.9,20463.8,-975.0,42278.6
1970.48493,-2.72181,64.14532,20489.5,46984.6,20466.4,-973.0,42281.6
1970.58493,-2.71569,64.14416,20492.0,46988.3,20469.0,-970.9,42284.5
1970.68493,-2.70958,64.14301,20494.4,46992.0,20471.5,-968.8,42287.4
1970.78493,-2.70346,64.14186,20496.9,46995.7,20474.1,-966.8,42290.3
1970.88493,-2.69735,64.14071,20499.4,46999.4,20476.7,-964.7,42293.2
1970.98493,-2.69124,64.13955,20501.8,47003.1,20479.2,-962.6,42296.1
1971.08493,-2.68512,64.1384,20504.3,47006.8,20481.8,-960.6,42299.0
1971.18493,-2.67901,64.13725,20506.8,47010.5,20484.3,-958.5,42302.0
1971.28493,-2.67291,64.13609,20509.2,47014.2,20486.9,-956.4,42304.9
1971.38493,-2.6668,64.13494,20511.7,47017.9,20489.5,-954.4,42307.8
1971.48493,-2.6607,64.13379,20514.2,47021.6,20492.0,-952.3,42310.7
1971.58493,-2.65459,64.13264,20516.6,47025.3,20494.6,-950.2,42313.6
1971.68493,-2.64849,64.13148,20519.1,47029.0,20497.2,-948.2,42316.5
1971.78493,-2.64239,64.13033,20521.5,47032.7,20499.7,-946.1,42319.5
1971.88493,-2.63629,64.12917,20524.0,47036.4,20502.3,-944.0,42322.4
1971.98493,-2.63019,64.12802,20526.5,47040.0,20504.9,-941.9,42325.3
1972.08493,-2.6241,64.12687,20528.9,47043.7,20507.4,-939.9,42328.2
1972.18493,-2.618,64.12571,20531.4,47047.4,20510.0,-937.8,42331.1
1972.28493,-2.61191,64.12456,20533.9,47051.1,20512.5,-935.7,42334.0
1972.38493,-2.60582,64.12341,20536.3,47054.8,20515.1,-933.7,42336.9
1972.48493,-2.59972,64.12225,20538.8,47058.5,20517.7,-931.6,42339.9
1972.58493,-2.59364,64.1211,20541.3,47062.2,20520.2,-929.5,42342.8
1972.68493,-2.58755,64.11994,20543.8,47065.9,20522.8,-927.5,42345.7
1972.78493,-2.58146,64.11879,20546.2,47069.6,20525.4,-925.4,42348.6
1972.88493,-2.57538,64.11764,20548.7,47073.3,20527.9,-923.3,42351.5
1972.98493,-2.56929,64.11648,20551.2,47077.0,20530.5,-921.3,42354.4
1973.08493,-2.56321,64.11533,20553.6,47080.7,20533.1,-919.2,42357.4
1973.18493,-2.55713,64.11417,20556.1,47084.4,20535.6,-917.1,42360.3
1973.28493,-2.55105,64.11302,20558.6,47088.2,20538.2,-915.1,42363.2
1973.38493,-2.54498,64.11186,20561.0,47091.9,20540.8,-913.0,42366.1
1973.48493,-2.5389,64.11071,20563.5,47095.6,20543.3,-910.9,42369.0
1973.58493,-2.53283,64.10956,20566.0,47099.3,20545.9,-908.8,42371.9
1973.68493,-2.52675,64.1084,20568.4,47103.0,20548.4,-906.8,42374.8
1973.78493,-2.52068,64.10725,20570.9,47106.7,20551.0,-904.7,42377.8
1973.88493,-2.51461,64.10609,20573.4,47110.4,20553.6,-902.6,42380.7
1973.98493,-2.50854,64.10494,20575.9,47114.1,20556.1,-900.6,42383.6
1974.08493,-2.50248,64.10378,20578.3,47117.8,20558.7,-898.5,42386.5
1974.18493,-2.49641,64.10263,20580.8,47121.5,20561.3,-896.4,42389.4
1974.28493,-2.49035,64.10147,20583.3,47125.2,20563.8,-894.4,42392.3
1974.38493,-2.48428,64.10032,20585.7,47128.9,20566.4,-892.3,42395.3
1974.48493,-2.47822,64.09916,20588.2,47132.6,20569.0,-890.2,42398.2
1974.58493,-2.47216,64.098,20590.7,47136.3,20571.5,-888.2,42401.1
1974.68493,-2.4661,64.09685,20593.2,47140.0,20574.1,-886.1,42404.0
1974.78493,-2.46005,64.09569,20595.6,47143.7,20576.6,-884.0,42406.9
1974.88493,-2.45399,64.09454,20598.1,47147.4,20579.2,-882.0,42409.8
1974.98493,-2.44794,64.09338,20600.6,47151.1,20581.8,-879.9,42412.7
1975.08493,-2.43568,64.09312,20602.1,47154.1,20583.5,-875.5,42415.3
1975.18493,-2.42233,64.09302,20603.4,47156.9,20585.0,-870.8,42417.8
1975.28493,-2.40898,64.09291,20604.7,47159.7,20586.5,-866.1,42420.4
1975.38493,-2.39562,64.09281,20606.0,47162.6,20588.0,-861.3,42422.9
1975.48493,-2.38227,64.0927,20607.3,47165.4,20589.5,-856.6,42425.4
1975.58493,-2.36893,64.09259,20608.7,47168.3,20591.1,-851.8,42427.9
1975.68493,-2.35558,64.09249,20610.0,47171.1,20592.6,-847.1,42430.4
1975.78493,-2.34224,64.09238,20611.3,47174.0,20594.1,-842.4,42433.0
1975.88493,-2.32889,64.09226,20612.6,47176.8,20595.6,-837.6,42435.5
1975.98493,-2.31555,64.09215,20614.0,47179.7,20597.1,-832.9,42438.0
1976.08493,-2.30222,64.09204,20615.3,47182.5,20598.7,-828.1,42440.5
1976.18493,-2.28888,64.09192,20616.6,47185.3,20600.2,-823.4,42443.0
1976.28493,-2.27554,64.09181,20618.0,47188.2,20601.7,-818.6,42445.6
1976.38493,-2.26221,64.09169,20619.3,47191.0,20603.2,-813.9,42448.1
1976.48493,-2.24888,64.09157,20620.6,47193.9,20604.7,-809.2,42450.6
1976.58493,-2.23555,64.09145,20622.0,47196.7,20606.3,-804.4,42453.1
1976.68493,-2.22222,64.09133,20623.3,47199.6,20607.8,-799.7,42455.6
1976.78493,-2.20889,64.09121,20624.6,47202.4,20609.3,-794.9,42458.2
1976.88493,-2.19557,64.09108,20626.0,47205.3,20610.8,-790.2,42460.7
1976.98493,-2.18224,64.09096,20627.3,47208.1,20612.3,-785.4,42463.2
1977.08493,-2.16892,64.09083,20628.6,47211.0,20613.9,-780.7,42465.7
1977.18493,-2.1556,64.09071,20630.0,47213.8,20615.4,-776.0,42468.2
1977.28493,-2.14228,64.09058,20631.3,47216.7,20616.9,-771.2,42470.8
1977.38493,-2.12896,64.09045,20632.7,47219.5,20618.4,-766.5,42473.3
1977.48493,-2.11565,64.09032,20634.0,47222.4,20619.9,-761.7,42475.8
1977.58493,-2.10234,64.09019,20635.4,47225.3,20621.5,-757.0,42478.3
1977.68493,-2.08903,64.09005,20636.7,47228.1,20623.0,-752.3,42480.8
1977.78493,-2.07572,64.08992,20638.0,47231.0,20624.5,-747.5,42483.3
1977.88493,-2.06241,64.08978,20639.4,47233.8,20626.0,-742.8,42485.9
1977.98493,-2.0491,64.08965,20640.7,47236.7,20627.5,-738.0,42488.4
1978.08493,-2.0358,64.08951,20642.1,47239.5,20629.1,-733.3,42490.9
1978.18493,-2.02249,64.08937,20643.4,47242.4,20630.6,-728.5,42493.4
1978.28493,-2.00919,64.08923,20644.8,47245.2,20632.1,-723.8,42495.9
1978.38493,-1.99589,64.08909,20646.2,47248.1,20633.6,-719.1,42498.5
1978.48493,-1.9826,64.08894,20647.5,47251.0,20635.1,-714.3,42501.0
1978.58493,-1.9693,64.0888,20648.9,47253.8,20636.7,-709.6,42503.5
1978.68493,-1.95601,64.08866,20650.2,47256.7,20638.2,-704.8,42506.0
1978.78493,-1.94272,64.08851,20651.6,47259.5,20639.7,-700.1,42508.5
1978.88493,-1.92943,64.08836,20652.9,47262.4,20641.2,-695.4,42511.1
1978.98493,-1.91614,64.08821,20654.3,47265.3,20642.7,-690.6,42513.6
1979.08493,-1.90285,64.08806,20655.7,47268.1,20644.3,-685.9,42516.1
1979.18493,-1.88956,64.08791,20657.0,47271.0,20645.8,-681.1,42518.6
1979.28493,-1.87628,64.08776,20658.4,47273.8,20647.3,-676.4,42521.1
1979.38493,-1.863,64.08761,20659.7,47276.7,20648.8,-671.6,42523.7
1979.48493,-1.84972,64.08745,20661.1,47279.6,20650.3,-666.9,42526.2
1979.58493,-1.83644,64.0873,20662.5,47282.4,20651.9,-662.2,42528.7
1979.68493,-1.82316,64.08714,20663.8,47285.3,20653.4,-657.4,42531.2
1979.78493,-1.80989,64.08698,20665.2,47288.2,20654.9,-652.7,42533.7
1979.88493,-1.79662,64.08682,20666.6,47291.0,20656.4,-647.9,42536.3
1979.98493,-1.78335,64.08666,20668.0,47293.9,20658.0,-643.2,42538.8
1980.08493,-1.77132,64.08702,20668.5,47295.8,20658.7,-638.9,42540.6
1980.18493,-1.75951,64.08748,20669.0,47297.5,20659.2,-634.6,42542.4
1980.28493,-1.74771,64.08793,20669.4,47299.3,20659.8,-630.4,42544.1
1980.38493,-1.7359,64.08838,20669.8,47301.0,20660.3,-626.1,42545.8
1980.48493,-1.7241,64.08883,20670.2,47302.8,20660.9,-621.9,42547.5
1980.58493,-1.71229,64.08928,20670.7,47304.5,20661.4,-617.7,42549.3
1980.68493,-1.70049,64.08973,20671.1,47306.2,20662.0,-613.4,42551.0
1980.78493,-1.68868,64.09017,20671.5,47308.0,20662.5,-609.2,42552.7
1980.88493,-1.67688,64.09062,20671.9,47309.7,20663.1,-604.9,42554.4
1980.98493,-1.66508,64.09106,20672.4,47311.5,20663.6,-600.7,42556.2
1981.08493,-1.65327,64.09151,20672.8,47313.2,20664.2,-596.4,42557.9
1981.18493,-1.64147,64.09195,20673.2,47314.9,20664.7,-592.2,42559.6
1981.28493,-1.62967,64.09239,20673.7,47316.7,20665.3,-587.9,42561.4
1981.38493,-1.61787,64.09284,20674.1,47318.4,20665.9,-583.7,42563.1
1981.48493,-1.60607,64.09328,20674.5,47320.2,20666.4,-579.5,42564.8
1981.58493,-1.59427,64.09372,20675.0,47321.9,20667.0,-575.2,42566.5
1981.68493,-1.58247,64.09415,20675.4,47323.7,20667.5,-571.0,42568.3
1981.78493,-1.57067,64.09459,20675.8,47325.4,20668.1,-566.7,42570.0
1981.88493,-1.55887,64.09503,20676.3,47327.2,20668.6,-562.5,42571.7
1981.98493,-1.54708,64.09546,20676.7,47328.9,20669.2,-558.2,42573.4
1982.08493,-1.53528,64.0959,20677.2,47330.7,20669.7,-554.0,42575.2
1982.18493,-1.52348,64.09633,20677.6,47332.4,20670.3,-549.7,42576.9
1982.28493,-1.51169,64.09676,20678.0,47334.1,20670.8,-545.5,42578.6
1982.38493,-1.49989,64.09719,20678.5,47335.9,20671.4,-541.3,42580.4
1982.48493,-1.4881,64.09762,20678.9,47337.6,20672.0,-537.0,42582.1
1982.58493,-1.4763,64.09805,20679.4,47339.4,20672.5,-532.8,42583.8
1982.68493,-1.46451,64.09848,20679.8,47341.1,20673.1,-528.5,42585.5
1982.78493,-1.45271,64.09891,20680.3,47342.9,20673.6,-524.3,42587.3
1982.88493,-1.44092,64.09934,20680.7,47344.6,20674.2,-520.0,42589.0
1982.98493,-1.42913,64.09976,20681.2,47346.4,20674.7,-515.8,42590.7
1983.08493,-1.41734,64.10019,20681.6,47348.1,20675.3,-511.6,42592.5
1983.18493,-1.40554,64.10061,20682.1,47349.9,20675.8,-507.3,42594.2
1983.28493,-1.39375,64.10103,20682.5,47351.6,20676.4,-503.1,42595.9
1983.38493,-1.38196,64.10145,20683.0,47353.4,20676.9,-498.8,42597.6
1983.48493,-1.37017,64.10187,20683.4,47355.1,20677.5,-494.6,42599.4
1983.58493,-1.35838,64.10229,20683.9,47356.9,20678.1,-490.3,42601.1
1983.68493,-1.34659,64.10271,20684.3,47358.6,20678.6,-486.1,42602.8
1983.78493,-1.3348,64.10313,20684.8,47360.4,20679.2,-481.8,42604.5
1983.88493,-1.32302,64.10355,20685.2,47362.1,20679.7,-477.6,42606.3
1983.98493,-1.31123,64.10396,20685.7,47363.9,20680.3,-473.4,42608.0
1984.08493,-1.29944,64.10438,20686.1,47365.7,20680.8,-469.1,42609.7
1984.18493,-1.28766,64.10479,20686.6,47367.4,20681.4,-464.9,42611.5
1984.28493,-1.27587,64.1052,20687.1,47369.2,20681.9,-460.6,42613.2
1984.38493,-1.26408,64.10562,20687.5,47370.9,20682.5,-456.4,42614.9
1984.48493,-1.2523,64.10603,20688.0,47372.7,20683.0,-452.1,42616.6
1984.58493,-1.24051,64.10644,20688.4,47374.4,20683.6,-447.9,42618.4
1984.68493,-1.22873,64.10684,20688.9,47376.2,20684.2,-443.6,42620.1
1984.78493,-1.21695,64.10725,20689.4,47377.9,20684.7,-439.4,42621.8
1984.88493,-1.20516,64.10766,20689.8,47379.7,20685.3,-435.2,42623.5
1984.98493,-1.19338,64.10807,20690.3,47381.5,20685.8,-430.9,42625.3
1985.08493,-1.18381,64.10965,20690.1,47383.8,20685.7,-427.5,42627.9
1985.18493,-1.17462,64.11144,20689.9,47386.2,20685.5,-424.1,42630.8
1985.28493,-1.16544,64.11323,20689.6,47388.6,20685.3,-420.8,42633.6
1985.38493,-1.15625,64.11502,20689.3,47391.1,20685.1,-417.5,42636.4
1985.48493,-1.14707,64.11681,20689.1,47393.5,20684.9,-414.2,42639.3
1985.58493,-1.13788,64.1186,20688.8,47395.9,20684.7,-410.8,42642.1
1985.68493,-1.1287,64.12039,20688.5,47398.4,20684.5,-407.5,42644.9
1985.78493,-1.11951,64.12218,20688.3,47400.8,20684.3,-404.2,42647.8
1985.88493,-1.11032,64.12397,20688.0,47403.2,20684.1,-400.9,42650.6
1985.98493,-1.10114,64.12575,20687.7,47405.7,20683.9,-397.6,42653.4
1986.08493,-1.09195,64.12754,20687.4,47408.1,20683.7,-394.2,42656.3
1986.18493,-1.08276,64.12932,20687.2,47410.5,20683.5,-390.9,42659.1
1986.28493,-1.07358,64.1311,20686.9,47413.0,20683.3,-387.6,42661.9
1986.38493,-1.06439,64.13289,20686.6,47415.4,20683.1,-384.3,42664.8
1986.48493,-1.0552,64.13467,20686.4,47417.8,20682.9,-381.0,42667.6
1986.58493,-1.04601,64.13645,20686.1,47420.3,20682.7,-377.6,42670.4
1986.68493,-1.03683,64.13823,20685.9,47422.7,20682.5,-374.3,42673.3
1986.78493,-1.02764,64.14001,20685.6,47425.1,20682.3,-371.0,42676.1
1986.88493,-1.01845,64.14179,20685.3,47427.6,20682.1,-367.7,42678.9
1986.98493,-1.00926,64.14357,20685.1,47430.0,20681.9,-364.3,42681.8
1987.08493,-1.00007,64.14535,20684.8,47432.4,20681.6,-361.0,42684.6
1987.18493,-0.99088,64.14712,20684.5,47434.9,20681.4,-357.7,42687.4
1987.28493,-0.98169,64.1489,20684.3,47437.3,20681.2,-354.4,42690.3
1987.38493,-0.9725,64.15068,20684.0,47439.8,20681.0,-351.1,42693.1
1987.48493,-0.96331,64.15245,20683.8,47442.2,20680.8,-347.7,42695.9
1987.58493,-0.95412,64.15422,20683.5,47444.6,20680.6,-344.4,42698.8
1987.68493,-0.94493,64.156,20683.2,47447.1,20680.4,-341.1,42701.6
1987.78493,-0.93574,64.15777,20683.0,47449.5,20680.2,-337.8,42704.4
1987.88493,-0.92655,64.15954,20682.7,47451.9,20680.0,-334.5,42707.3
1987.98493,-0.91736,64.16131,20682.5,47454.4,20679.8,-331.1,42710.1
1988.08493,-0.90817,64.16308,20682.2,47456.8,20679.6,-327.8,42712.9
1988.18493,-0.89898,64.16485,20682.0,47459.3,20679.4,-324.5,42715.8
1988.28493,-0.88978,64.16662,20681.7,47461.7,20679.2,-321.2,42718.6
1988.38493,-0.88059,64.16839,20681.4,47464.1,20679.0,-317.8,42721.4
1988.48493,-0.8714,64.17016,20681.2,47466.6,20678.8,-314.5,42724.3
1988.58493,-0.86221,64.17192,20680.9,47469.0,20678.6,-311.2,42727.1
1988.68493,-0.85301,64.17369,20680.7,47471.5,20678.4,-307.9,42729.9
1988.78493,-0.84382,64.17545,20680.4,47473.9,20678.2,-304.6,42732.8
1988.88493,-0.83463,64.17722,20680.2,47476.3,20678.0,-301.2,42735.6
1988.98493,-0.82543,64.17898,20679.9,47478.8,20677.8,-297.9,42738.4
1989.08493,-0.81624,64.18074,20679.7,47481.2,20677.6,-294.6,42741.3
1989.18493,-0.80705,64.1825,20679.4,47483.7,20677.4,-291.3,42744.1
1989.28493,-0.79785,64.18426,20679.2,47486.1,20677.2,-288.0,42746.9
1989.38493,-0.78866,64.18602,20678.9,47488.5,20677.0,-284.6,42749.8
1989.48493,-0.77946,64.18778,20678.7,47491.0,20676.8,-281.3,42752.6
1989.58493,-0.77027,64.18954,20678.4,47493.4,20676.6,-278.0,42755.5
1989.68493,-0.76107,64.1913,20678.2,47495.9,20676.3,-274.7,42758.3
1989.78493,-0.75188,64.19306,20677.9,47498.3,20676.1,-271.3,42761.1
1989.88493,-0.74268,64.19481,20677.7,47500.8,20675.9,-268.0,42764.0
1989.98493,-0.73349,64.19657,20677.4,47503.2,20675.7,-264.7,42766.8
1990.08493,-0.72386,64.19774,20677.5,47505.3,20675.8,-261.2,42769.1
1990.18493,-0.71416,64.19881,20677.6,47507.4,20676.0,-257.7,42771.4
1990.28493,-0.70445,64.19987,20677.7,47509.4,20676.1,-254.2,42773.6
1990.38493,-0.69475,64.20094,20677.8,47511.5,20676.3,-250.7,42775.8
1990.48493,-0.68504,64.202,20677.9,47513.6,20676.4,-247.2,42778.1
1990.58493,-0.67534,64.20306,20678.0,47515.6,20676.5,-243.7,42780.3
1990.68493,-0.66563,64.20413,20678.1,47517.7,20676.7,-240.2,42782.5
1990.78493,-0.65593,64.20519,20678.2,47519.7,20676.8,-236.7,42784.8
1990.88493,-0.64622,64.20625,20678.3,47521.8,20677.0,-233.2,42787.0
1990.98493,-0.63652,64.20731,20678.4,47523.9,20677.1,-229.7,42789.3
1991.08493,-0.62682,64.20837,20678.5,47525.9,20677.3,-226.2,42791.5
1991.18493,-0.61711,64.20943,20678.6,47528.0,20677.4,-222.7,42793.7
1991.28493,-0.60741,64.21049,20678.7,47530.0,20677.6,-219.2,42796.0
1991.38493,-0.5977,64.21154,20678.8,47532.1,20677.7,-215.7,42798.2
1991.48493,-0.588,64.2126,20678.9,47534.2,20677.8,-212.2,42800.5
1991.58493,-0.5783,64.21366,20679.0,47536.2,20678.0,-208.7,42802.7
1991.68493,-0.56859,64.21471,20679.2,47538.3,20678.1,-205.2,42804.9
1991.78493,-0.55889,64.21577,20679.3,47540.4,20678.3,-201.7,42807.2
1991.88493,-0.54919,64.21682,20679.4,47542.4,20678.4,-198.2,42809.4
1991.98493,-0.53948,64.21787,20679.5,47544.5,20678.6,-194.7,42811.6
1992.08493,-0.52978,64.21892,20679.6,47546.6,20678.7,-191.2,42813.9
1992.18493,-0.52008,64.21998,20679.7,47548.6,20678.9,-187.7,42816.1
1992.28493,-0.51037,64.22103,20679.8,47550.7,20679.0,-184.2,42818.4
1992.38493,-0.50067,64.22208,20679.9,47552.7,20679.1,-180.7,42820.6
1992.48493,-0.49097,64.22313,20680.0,47554.8,20679.3,-177.2,42822.8
1992.58493,-0.48127,64.22417,20680.2,47556.9,20679.4,-173.7,42825.1
1992.68493,-0.47156,64.22522,20680.3,47558.9,20679.6,-170.2,42827.3
1992.78493,-0.46186,64.22627,20680.4,47561.0,20679.7,-166.7,42829.6
1992.88493,-0.45216,64.22732,20680.5,47563.1,20679.9,-163.2,42831.8
1992.98493,-0.44246,64.22836,20680.6,47565.1,20680.0,-159.7,42834.0
1993.08493,-0.43276,64.22941,20680.7,47567.2,20680.2,-156.2,42836.3
1993.18493,-0.42305,64.23045,20680.9,47569.3,20680.3,-152.7,42838.5
1993.28493,-0.41335,64.23149,20681.0,47571.3,20680.4,-149.2,42840.7
1993.38493,-0.40365,64.23254,20681.1,47573.4,20680.6,-145.7,42843.0
1993.48493,-0.39395,64.23358,20681.2,47575.5,20680.7,-142.2,42845.2
1993.58493,-0.38425,64.23462,20681.3,47577.5,20680.9,-138.7,42847.5
1993.68493,-0.37455,64.23566,20681.5,47579.6,20681.0,-135.2,42849.7
1993.78493,-0.36485,64.2367,20681.6,47581.7,20681.2,-131.7,42851.9
1993.88493,-0.35514,64.23774,20681.7,47583.8,20681.3,-128.2,42854.2
1993.98493,-0.34544,64.23878,20681.8,47585.8,20681.5,-124.7,42856.4
1994.08493,-0.33574,64.23981,20682.0,47587.9,20681.6,-121.2,42858.7
1994.18493,-0.32604,64.24085,20682.1,47590.0,20681.7,-117.7,42860.9
1994.28493,-0.31634,64.24189,20682.2,47592.0,20681.9,-114.2,42863.1
1994.38493,-0.30664,64.24292,20682.3,47594.1,20682.0,-110.7,42865.4
1994.48493,-0.29694,64.24396,20682.5,47596.2,20682.2,-107.2,42867.6
1994.58493,-0.28724,64.24499,20682.6,47598.2,20682.3,-103.7,42869.8
1994.68493,-0.27754,64.24602,20682.7,47600.3,20682.5,-100.2,42872.1
1994.78493,-0.26784,64.24706,20682.8,47602.4,20682.6,-96.7,42874.3
1994.88493,-0.25814,64.24809,20683.0,47604.5,20682.8,-93.2,42876.6
1994.98493,-0.24844,64.24912,20683.1,47606.5,20682.9,-89.7,42878.8
1995.08493,-0.23757,64.25025,20683.5,47609.5,20683.3,-85.8,42881.9
1995.18493,-0.22649,64.25139,20684.0,47612.6,20683.8,-81.8,42885.1
1995.28493,-0.21541,64.25254,20684.5,47615.7,20684.3,-77.8,42888.3
1995.38493,-0.20433,64.25368,20685.0,47618.7,20684.9,-73.8,42891.4
1995.48493,-0.19325,64.25482,20685.5,47621.8,20685.4,-69.8,42894.6
1995.58493,-0.18217,64.25596,20686.0,47624.9,20685.9,-65.8,42897.8
1995.68493,-0.17109,64.2571,20686.4,47628.0,20686.4,-61.8,42901.0
1995.78493,-0.16001,64.25824,20686.9,47631.1,20686.9,-57.8,42904.2
1995.88493,-0.14894,64.25938,20687.4,47634.2,20687.4,-53.8,42907.4
1995.98493,-0.13786,64.26052,20687.9,47637.3,20687.9,-49.8,42910.6
1996.08493,-0.12678,64.26166,20688.4,47640.4,20688.4,-45.8,42913.8
1996.18493,-0.11571,64.26279,20688.9,47643.5,20688.9,-41.8,42917.0
1996.28493,-0.10463,64.26392,20689.4,47646.6,20689.4,-37.8,42920.2
1996.38493,-0.09356,64.26506,20689.9,47649.7,20689.9,-33.8,42923.4
1996.48493,-0.08249,64.26619,20690.4,47652.8,20690.4,-29.8,42926.6
1996.58493,-0.07141,64.26732,20690.9,47655.9,20690.9,-25.8,42929.8
1996.68493,-0.06034,64.26845,20691.4,47659.0,20691.4,-21.8,42933.0
1996.78493,-0.04927,64.26958,20691.9,47662.1,20691.9,-17.8,42936.2
1996.88493,-0.0382,64.27071,20692.4,47665.2,20692.4,-13.8,42939.4
1996.98493,-0.02712,64.27184,20692.9,47668.3,20692.9,-9.8,42942.6
1997.08493,-0.01605,64.27296,20693.4,47671.4,20693.4,-5.8,42945.8
1997.18493,-0.00498,64.27409,20693.9,47674.4,20693.9,-1.8,42949.0
1997.28493,0.00609,64.27521,20694.4,47677.5,20694.4,2.2,42952.2
1997.38493,0.01715,64.27634,20694.9,47680.6,20694.9,6.2,42955.4
1997.48493,0.02822,64.27746,20695.4,47683.7,20695.4,10.2,42958.6
1997.58493,0.03929,64.27858,20695.9,47686.8,20695.9,14.2,42961.8
1997.68493,0.05036,64.2797,20696.4,47689.9,20696.4,18.2,42965.0
1997.78493,0.06143,64.28082,20696.9,47693.0,20696.9,22.2,42968.2
1997.88493,0.07249,64.28194,20697.4,47696.1,20697.4,26.2,42971.4
1997.98493,0.08356,64.28306,20697.9,47699.2,20697.9,30.2,42974.6
1998.08493,0.09462,64.28418,20698.4,47702.3,20698.4,34.2,42977.8
1998.18493,0.10569,64.28529,20698.9,47705.4,20698.9,38.2,42981.0
1998.28493,0.11675,64.28641,20699.4,47708.5,20699.4,42.2,42984.2
1998.38493,0.12782,64.28752,20700.0,47711.7,20699.9,46.2,42987.4
1998.48493,0.13888,64.28863,20700.5,47714.8,20700.4,50.2,42990.6
1998.58493,0.14994,64.28974,20701.0,47717.9,20700.9,54.2,42993.8
1998.68493,0.161,64.29086,20701.5,47721.0,20701.4,58.2,42997.0
1998.78493,0.17207,64.29196,20702.0,47724.1,20701.9,62.2,43000.2
1998.88493,0.18313,64.29307,20702.5,47727.2,20702.4,66.2,43003.4
1998.98493,0.19419,64.29418,20703.0,47730.3,20702.9,70.2,43006.5
1999.08493,0.20525,64.29529,20703.5,47733.4,20703.4,74.2,43009.7
1999.18493,0.21631,64.29639,20704.1,47736.5,20703.9,78.2,43012.9
1999.28493,0.22736,64.2975,20704.6,47739.6,20704.4,82.2,43016.1
1999.38493,0.23842,64.2986,20705.1,47742.7,20704.9,86.2,43019.3
1999.48493,0.24948,64.29971,20705.6,47745.8,20705.4,90.2,43022.5
1999.58493,0.26054,64.30081,20706.1,47748.9,20705.9,94.2,43025.7
1999.68493,0.27159,64.30191,20706.7,47752.0,20706.4,98.2,43028.9
1999.78493,0.28265,64.30301,20707.2,47755.1,20706.9,102.2,43032.1
1999.88493,0.2937,64.30411,20707.7,47758.2,20707.4,106.1,43035.3
1999.98493,0.30476,64.30521,20708.2,47761.3,20707.9,110.1,43038.5
2000.08493,0.31441,64.30403,20715.0,47774.9,20714.7,113.7,43050.3
2000.18493,0.32513,64.30488,20715.8,47778.2,20715.5,117.6,43053.6
2000.28493,0.33585,64.30573,20716.6,47781.5,20716.2,121.4,43056.9
2000.38493,0.34658,64.30658,20717.4,47784.9,20717.0,125.3,43060.2
2000.48493,0.3573,64.30743,20718.2,47788.2,20717.8,129.2,43063.5
2000.58493,0.36802,64.30827,20719.0,47791.5,20718.6,133.1,43066.8
2000.68493,0.37874,64.30912,20719.8,47794.9,20719.4,137.0,43070.2
2000.78493,0.38945,64.30997,20720.6,47798.2,20720.2,140.8,43073.5
2000.88493,0.40017,64.31081,20721.4,47801.5,20720.9,144.7,43076.8
2000.98493,0.41089,64.31166,20722.2,47804.9,20721.7,148.6,43080.1
2001.08493,0.42161,64.3125,20723.1,47808.2,20722.5,152.5,43083.4
2001.18493,0.43232,64.31334,20723.9,47811.5,20723.3,156.4,43086.7
2001.28493,0.44304,64.31418,20724.7,47814.9,20724.1,160.3,43090.0
2001.38493,0.45375,64.31502,20725.5,47818.2,20724.8,164.1,43093.3
2001.48493,0.46446,64.31586,20726.3,47821.5,20725.6,168.0,43096.6
2001.58493,0.47517,64.3167,20727.1,47824.9,20726.4,171.9,43099.9
2001.68493,0.48588,64.31754,20727.9,47828.2,20727.2,175.8,43103.2
2001.78493,0.49659,64.31837,20728.8,47831.5,20728.0,179.7,43106.5
2001.88493,0.5073,64.31921,20729.6,47834.9,20728.8,183.5,43109.8
2001.98493,0.51801,64.32005,20730.4,47838.2,20729.5,187.4,43113.2
2002.08493,0.52872,64.32088,20731.2,47841.5,20730.3,191.3,43116.5
2002.18493,0.53943,64.32171,20732.0,47844.9,20731.1,195.2,43119.8
2002.28493,0.55013,64.32255,20732.8,47848.2,20731.9,199.1,43123.1
2002.38493,0.56084,64.32338,20733.7,47851.5,20732.7,202.9,43126.4
2002.48493,0.57154,64.32421,20734.5,47854.9,20733.4,206.8,43129.7
2002.58493,0.58225,64.32504,20735.3,47858.2,20734.2,210.7,43133.0
2002.68493,0.59295,64.32587,20736.1,47861.5,20735.0,214.6,43136.3
2002.78493,0.60365,64.32669,20736.9,47864.9,20735.8,218.5,43139.6
2002.88493,0.61435,64.32752,20737.8,47868.2,20736.6,222.4,43142.9
2002.98493,0.62505,64.32835,20738.6,47871.6,20737.4,226.2,43146.2
2003.08493,0.63575,64.32917,20739.4,47874.9,20738.1,230.1,43149.5
2003.18493,0.64645,64.33,20740.2,47878.2,20738.9,234.0,43152.8
2003.28493,0.65715,64.33082,20741.1,47881.6,20739.7,237.9,43156.2
2003.38493,0.66784,64.33164,20741.9,47884.9,20740.5,241.8,43159.5
2003.48493,0.67854,64.33246,20742.7,47888.3,20741.3,245.6,43162.8
2003.58493,0.68923,64.33328,20743.6,47891.6,20742.1,249.5,43166.1
2003.68493,0.69993,64.3341,20744.4,47894.9,20742.8,253.4,43169.4
2003.78493,0.71062,64.33492,20745.2,47898.3,20743.6,257.3,43172.7
2003.88493,0.72131,64.33574,20746.0,47901.6,20744.4,261.2,43176.0
2003.98493,0.732,64.33656,20746.9,47905.0,20745.2,265.1,43179.3
2004.08493,0.7427,64.33737,20747.7,47908.3,20746.0,268.9,43182.6
2004.18493,0.75339,64.33819,20748.5,47911.6,20746.7,272.8,43185.9
2004.28493,0.76407,64.339,20749.4,47915.0,20747.5,276.7,43189.2
2004.38493,0.77476,64.33982,20750.2,47918.3,20748.3,280.6,43192.5
2004.48493,0.78545,64.34063,20751.0,47921.7,20749.1,284.5,43195.8
2004.58493,0.79614,64.34144,20751.9,47925.0,20749.9,288.3,43199.2
2004.68493,0.80682,64.34225,20752.7,47928.4,20750.7,292.2,43202.5
2004.78493,0.81751,64.34306,20753.6,47931.7,20751.4,296.1,43205.8
2004.88493,0.82819,64.34387,20754.4,47935.1,20752.2,300.0,43209.1
2004.98493,0.83887,64.34468,20755.2,47938.4,20753.0,303.9,43212.4
2005.08493,0.85042,64.34494,20756.3,47941.4,20754.0,308.1,43215.2
2005.18493,0.86212,64.3451,20757.5,47944.3,20755.1,312.3,43217.9
2005.28493,0.87381,64.34525,20758.6,47947.3,20756.2,316.6,43220.6
2005.38493,0.88551,64.34541,20759.8,47950.2,20757.3,320.8,43223.3
2005.48493,0.8972,64.34557,20761.0,47953.2,20758.4,325.1,43226.0
2005.58493,0.90889,64.34572,20762.1,47956.1,20759.5,329.3,43228.7
2005.68493,0.92058,64.34587,20763.3,47959.0,20760.6,333.6,43231.4
2005.78493,0.93227,64.34603,20764.4,47962.0,20761.7,337.8,43234.1
2005.88493,0.94396,64.34618,20765.6,47964.9,20762.8,342.1,43236.8
2005.98493,0.95565,64.34633,20766.7,47967.9,20763.9,346.4,43239.5
2006.08493,0.96733,64.34648,20767.9,47970.8,20764.9,350.6,43242.3
2006.18493,0.97902,64.34663,20769.1,47973.8,20766.0,354.9,43245.0
2006.28493,0.9907,64.34678,20770.2,47976.7,20767.1,359.1,43247.7
2006.38493,1.00238,64.34692,20771.4,47979.6,20768.2,363.4,43250.4
2006.48493,1.01406,64.34707,20772.6,47982.6,20769.3,367.6,43253.1
2006.58493,1.02574,64.34722,20773.7,47985.5,20770.4,371.9,43255.8
2006.68493,1.03742,64.34736,20774.9,47988.5,20771.5,376.1,43258.5
2006.78493,1.04909,64.3475,20776.1,47991.4,20772.6,380.4,43261.2
2006.88493,1.06077,64.34765,20777.2,47994.4,20773.7,384.6,43263.9
2006.98493,1.07244,64.34779,20778.4,47997.3,20774.8,388.9,43266.6
2007.08493,1.08411,64.34793,20779.6,48000.3,20775.8,393.2,43269.3
2007.18493,1.09579,64.34807,20780.7,48003.2,20776.9,397.4,43272.0
2007.28493,1.10746,64.34821,20781.9,48006.1,20778.0,401.7,43274.7
2007.38493,1.11912,64.34834,20783.1,48009.1,20779.1,405.9,43277.4
2007.48493,1.13079,64.34848,20784.2,48012.0,20780.2,410.2,43280.2
2007.58493,1.14246,64.34862,20785.4,48015.0,20781.3,414.4,43282.9
2007.68493,1.15412,64.34875,20786.6,48017.9,20782.4,418.7,43285.6
2007.78493,1.16578,64.34888,20787.8,48020.9,20783.5,422.9,43288.3
2007.88493,1.17745,64.34902,20788.9,48023.8,20784.6,427.2,43291.0
2007.98493,1.18911,64.34915,20790.1,48026.8,20785.6,431.4,43293.7
2008.08493,1.20077,64.34928,20791.3,48029.7,20786.7,435.7,43296.4
2008.18493,1.21242,64.34941,20792.5,48032.7,20787.8,440.0,43299.1
2008.28493,1.22408,64.34954,20793.7,48035.6,20788.9,444.2,43301.8
2008.38493,1.23574,64.34967,20794.8,48038.6,20790.0,448.5,43304.5
2008.48493,1.24739,64.3498,20796.0,48041.5,20791.1,452.7,43307.2
2008.58493,1.25904,64.34992,20797.2,48044.5,20792.2,457.0,43309.9
2008.68493,1.27069,64.35005,20798.4,48047.4,20793.3,461.2,43312.6
2008.78493,1.28234,64.35017,20799.6,48050.4,20794.4,465.5,43315.3
2008.88493,1.29399,64.35029,20800.8,48053.4,20795.5,469.7,43318.0
2008.98493,1.30564,64.35042,20801.9,48056.3,20796.5,474.0,43320.8
2009.08493,1.31728,64.35054,20803.1,48059.3,20797.6,478.2,43323.5
2009.18493,1.32893,64.35066,20804.3,48062.2,20798.7,482.5,43326.2
2009.28493,1.34057,64.35078,20805.5,48065.2,20799.8,486.8,43328.9
2009.38493,1.35221,64.3509,20806.7,48068.1,20800.9,491.0,43331.6
2009.48493,1.36386,64.35102,20807.9,48071.1,20802.0,495.3,43334.3
2009.58493,1.37549,64.35113,20809.1,48074.0,20803.1,499.5,43337.0
2009.68493,1.38713,64.35125,20810.3,48077.0,20804.2,503.8,43339.7
2009.78493,1.39877,64.35136,20811.5,48079.9,20805.3,508.0,43342.4
2009.88493,1.4104,64.35148,20812.7,48082.9,20806.3,512.3,43345.1
2009.98493,1.42204,64.35159,20813.8,48085.9,20807.4,516.5,43347.8
2010.08493,1.43547,64.35185,20814.9,48088.7,20808.4,521.4,43350.5
2010.18493,1.44923,64.35212,20815.9,48091.6,20809.3,526.5,43353.2
2010.28493,1.46298,64.3524,20816.9,48094.4,20810.2,531.5,43355.8
2010.38493,1.47673,64.35267,20818.0,48097.3,20811.1,536.5,43358.5
2010.48493,1.49047,64.35295,20819.0,48100.1,20812.0,541.5,43361.2
2010.58493,1.50422,64.35322,20820.0,48103.0,20812.9,546.5,43363.8
2010.68493,1.51797,64.35349,20821.1,48105.8,20813.7,551.6,43366.5
2010.78493,1.53171,64.35376,20822.1,48108.7,20814.6,556.6,43369.2
2010.88493,1.54545,64.35403,20823.1,48111.5,20815.5,561.6,43371.9
2010.98493,1.55919,64.35429,20824.2,48114.4,20816.4,566.6,43374.5
2011.08493,1.57293,64.35456,20825.2,48117.2,20817.3,571.6,43377.2
2011.18493,1.58667,64.35482,20826.2,48120.1,20818.2,576.7,43379.9
2011.28493,1.60041,64.35508,20827.3,48123.0,20819.1,581.7,43382.5
2011.38493,1.61415,64.35535,20828.3,48125.8,20820.0,586.7,43385.2
2011.48493,1.62788,64.35561,20829.3,48128.7,20820.9,591.7,43387.9
2011.58493,1.64161,64.35587,20830.4,48131.5,20821.8,596.7,43390.5
2011.68493,1.65535,64.35612,20831.4,48134.4,20822.7,601.8,43393.2
2011.78493,1.66908,64.35638,20832.5,48137.2,20823.6,606.8,43395.9
2011.88493,1.68281,64.35663,20833.5,48140.1,20824.5,611.8,43398.6
2011.98493,1.69653,64.35689,20834.6,48143.0,20825.4,616.8,43401.2
2012.08493,1.71026,64.35714,20835.6,48145.8,20826.3,621.8,43403.9
2012.18493,1.72399,64.35739,20836.6,48148.7,20827.2,626.9,43406.6
2012.28493,1.73771,64.35764,20837.7,48151.5,20828.1,631.9,43409.2
2012.38493,1.75143,64.35789,20838.7,48154.4,20829.0,636.9,43411.9
2012.48493,1.76515,64.35814,20839.8,48157.3,20829.9,641.9,43414.6
2012.58493,1.77887,64.35838,20840.9,48160.1,20830.8,646.9,43417.2
2012.68493,1.79259,64.35863,20841.9,48163.0,20831.7,652.0,43419.9
2012.78493,1.80631,64.35887,20843.0,48165.9,20832.6,657.0,43422.6
2012.88493,1.82002,64.35911,20844.0,48168.7,20833.5,662.0,43425.3
2012.98493,1.83374,64.35935,20845.1,48171.6,20834.4,667.0,43427.9
2013.08493,1.84745,64.35959,20846.1,48174.5,20835.3,672.0,43430.6
2013.18493,1.86116,64.35983,20847.2,48177.3,20836.2,677.1,43433.3
2013.28493,1.87487,64.36006,20848.3,48180.2,20837.1,682.1,43435.9
2013.38493,1.88858,64.3603,20849.3,48183.1,20838.0,687.1,43438.6
2013.48493,1.90228,64.36053,20850.4,48185.9,20838.9,692.1,43441.3
2013.58493,1.91599,64.36077,20851.4,48188.8,20839.8,697.1,43443.9
2013.68493,1.92969,64.361,20852.5,48191.7,20840.7,702.2,43446.6
2013.78493,1.9434,64.36123,20853.6,48194.5,20841.6,707.2,43449.3
2013.88493,1.9571,64.36146,20854.6,48197.4,20842.5,712.2,43452.0
2013.98493,1.9708,64.36168,20855.7,48200.3,20843.4,717.2,43454.6
2014.08493,1.9845,64.36191,20856.8,48203.1,20844.3,722.3,43457.3
2014.18493,1.99819,64.36213,20857.9,48206.0,20845.2,727.3,43460.0
2014.28493,2.01189,64.36236,20858.9,48208.9,20846.1,732.3,43462.6
2014.38493,2.02558,64.36258,20860.0,48211.7,20847.0,737.3,43465.3
2014.48493,2.03928,64.3628,20861.1,48214.6,20847.9,742.3,43468.0
2014.58493,2.05297,64.36302,20862.2,48217.5,20848.8,747.4,43470.6
2014.68493,2.06666,64.36324,20863.2,48220.4,20849.7,752.4,43473.3
2014.78493,2.08035,64.36345,20864.3,48223.2,20850.6,757.4,43476.0
2014.88493,2.09403,64.36367,20865.4,48226.1,20851.5,762.4,43478.7
2014.98493,2.10772,64.36388,20866.5,48229.0,20852.4,767.4,43481.3
2015.08493,2.12323,64.36502,20867.4,48233.2,20853.1,773.1,43485.5
2015.18493,2.13906,64.36633,20868.3,48237.6,20853.8,778.9,43490.0
2015.28493,2.15489,64.36763,20869.3,48242.0,20854.5,784.7,43494.4
2015.38493,2.17072,64.36893,20870.2,48246.4,20855.2,790.5,43498.9
2015.48493,2.18655,64.37022,20871.1,48250.9,20855.9,796.3,43503.4
2015.58493,2.20238,64.37152,20872.1,48255.3,20856.6,802.1,43507.8
2015.68493,2.21821,64.37281,20873.0,48259.7,20857.3,807.9,43512.3
2015.78493,2.23403,64.3741,20873.9,48264.2,20858.1,813.7,43516.8
2015.88493,2.24986,64.37539,20874.9,48268.6,20858.8,819.5,43521.2
2015.98493,2.26568,64.37668,20875.8,48273.0,20859.5,825.3,43525.7
2016.08493,2.2815,64.37797,20876.7,48277.4,20860.2,831.1,43530.1
2016.18493,2.29732,64.37925,20877.7,48281.9,20860.9,836.9,43534.6
2016.28493,2.31313,64.38053,20878.6,48286.3,20861.6,842.7,43539.1
2016.38493,2.32895,64.38181,20879.6,48290.7,20862.3,848.5,43543.5
2016.48493,2.34476,64.38309,20880.5,48295.2,20863.0,854.3,43548.0
2016.58493,2.36058,64.38436,20881.5,48299.6,20863.7,860.1,43552.4
2016.68493,2.37639,64.38564,20882.4,48304.0,20864.4,865.9,43556.9
2016.78493,2.3922,64.38691,20883.4,48308.5,20865.2,871.7,43561.4
2016.88493,2.40801,64.38818,20884.3,48312.9,20865.9,877.5,43565.8
2016.98493,2.42382,64.38945,20885.3,48317.3,20866.6,883.3,43570.3
2017.08493,2.43962,64.39071,20886.2,48321.8,20867.3,889.1,43574.8
2017.18493,2.45543,64.39198,20887.2,48326.2,20868.0,894.9,43579.2
2017.28493,2.47123,64.39324,20888.1,48330.6,20868.7,900.6,43583.7
2017.38493,2.48703,64.3945,20889.1,48335.1,20869.4,906.4,43588.1
2017.48493,2.50283,64.39576,20890.0,48339.5,20870.1,912.2,43592.6
2017.58493,2.51863,64.39701,20891.0,48344.0,20870.8,918.0,43597.1
2017.68493,2.53443,64.39827,20892.0,48348.4,20871.5,923.8,43601.5
2017.78493,2.55022,64.39952,20892.9,48352.8,20872.2,929.6,43606.0
2017.88493,2.56602,64.40077,20893.9,48357.3,20873.0,935.4,43610.5
2017.98493,2.58181,64.40202,20894.9,48361.7,20873.7,941.2,43614.9
2018.08493,2.5976,64.40327,20895.8,48366.2,20874.4,947.0,43619.4
2018.18493,2.61339,64.40451,20896.8,48370.6,20875.1,952.8,43623.8
2018.28493,2.62918,64.40575,20897.8,48375.1,20875.8,958.6,43628.3
2018.38493,2.64497,64.407,20898.8,48379.5,20876.5,964.4,43632.8
2018.48493,2.66075,64.40823,20899.7,48383.9,20877.2,970.2,43637.2
2018.58493,2.67654,64.40947,20900.7,48388.4,20877.9,976.0,43641.7
2018.68493,2.69232,64.41071,20901.7,48392.8,20878.6,981.8,43646.1
2018.78493,2.7081,64.41194,20902.7,48397.3,20879.3,987.6,43650.6
2018.88493,2.72388,64.41317,20903.7,48401.7,20880.0,993.4,43655.1
2018.98493,2.73966,64.4144,20904.7,48406.2,20880.8,999.2,43659.5
2019.08493,2.75544,64.41563,20905.6,48410.6,20881.5,1005.0,43664.0
2019.18493,2.77121,64.41685,20906.6,48415.1,20882.2,1010.8,43668.5
2019.28493,2.78699,64.41808,20907.6,48419.5,20882.9,1016.6,43672.9
2019.38493,2.80276,64.4193,20908.6,48424.0,20883.6,1022.4,43677.4
2019.48493,2.81853,64.42052,20909.6,48428.5,20884.3,1028.2,43681.8
2019.58493,2.8343,64.42174,20910.6,48432.9,20885.0,1034.0,43686.3
2019.68493,2.85007,64.42295,20911.6,48437.4,20885.7,1039.8,43690.8
2019.78493,2.86583,64.42417,20912.6,48441.8,20886.4,1045.6,43695.2
2019.88493,2.8816,64.42538,20913.6,48446.3,20887.1,1051.4,43699.7
2019.98493,2.89736,64.42659,20914.6,48450.7,20887.9,1057.2,43704.2
2020.08493,2.91413,64.42823,20915.6,48455.9,20888.5,1063.3,43709.4
2020.18493,2.93108,64.42995,20916.5,48461.1,20889.1,1069.6,43714.7
2020.28493,2.94802,64.43166,20917.5,48466.4,20889.8,1075.8,43720.1
2020.38493,2.96497,64.43338,20918.4,48471.6,20890.4,1082.0,43725.5
2020.48493,2.98191,64.43509,20919.4,48476.9,20891.1,1088.2,43730.8
2020.58493,2.99885,64.43679,20920.3,48482.1,20891.7,1094.5,43736.2
2020.68493,3.01579,64.4385,20921.3,48487.4,20892.3,1100.7,43741.5
2020.78493,3.03273,64.4402,20922.3,48492.6,20893.0,1106.9,43746.9
2020.88493,3.04966,64.4419,20923.2,48497.9,20893.6,1113.1,43752.3
2020.98493,3.0666,64.4436,20924.2,48503.1,20894.3,1119.4,43757.6
2021.08493,3.08353,64.4453,20925.2,48508.4,20894.9,1125.6,43763.0
2021.18493,3.10046,64.44699,20926.2,48513.6,20895.5,1131.8,43768.4
2021.28493,3.11739,64.44868,20927.1,48518.9,20896.2,1138.1,43773.7
2021.38493,3.13432,64.45037,20928.1,48524.2,20896.8,1144.3,43779.1
2021.48493,3.15125,64.45206,20929.1,48529.4,20897.4,1150.5,43784.4
2021.58493,3.16817,64.45374,20930.1,48534.7,20898.1,1156.7,43789.8
2021.68493,3.18509,64.45542,20931.1,48539.9,20898.7,1163.0,43795.2
2021.78493,3.20202,64.4571,20932.0,48545.2,20899.4,1169.2,43800.5
2021.88493,3.21894,64.45878,20933.0,48550.5,20900.0,1175.4,43805.9
2021.98493,3.23585,64.46046,20934.0,48555.7,20900.6,1181.6,43811.2
2022.08493,3.25277,64.46213,20935.0,48561.0,20901.3,1187.9,43816.6
2022.18493,3.26969,64.4638,20936.0,48566.3,20901.9,1194.1,43822.0
2022.28493,3.2866,64.46547,20937.0,48571.5,20902.6,1200.3,43827.3
